Apples,Apple
Bananas,Banana
Berries & Grapes,Berries
Berries & Grapes,Berry
Berries & Grapes,Strawberry
Berries & Grapes,Strawberries
Berries & Grapes,Blueberry
Berries & Grapes,Blueberries
Berries & Grapes,Grape
Berries & Grapes,Grapes
Brassicas,Cabbage
Brassicas,Cabbages
Brassicas,Cauliflower
Brassicas,Cauliflowers
Brassicas,Kale
Brassicas,Kales
Brassicas,Brussel Sprout
Brassicas,Brussel Sprouts
Cane Sugar,Sugar
Cassava,Yuca
Citrus Fruit,Lemon
Citrus Fruit,Lemons
Citrus Fruit,Lime
Citrus Fruit,Limes
Citrus Fruit,Orange
Citrus Fruit,Oranges
Dark Chocolate,Chocolate
Dark Chocolate,Chocolates
Dark Chocolate,Dark Chocolates
Eggs,Egg
Groundnuts,Groundnut
Lamb & Mutton,Lamb
Lamb & Mutton,Lambs
Lamb & Mutton,Mutton
Lamb & Mutton,Muttons
Maize,Corn
Maize,Corns
Nuts,Nut
Nuts,Peanut
Nuts,Peanuts
Nuts,Almond
Nuts,Almonds
Onions & Leeks,Onions
Onions & Leeks,Onion
Onions & Leeks,Leeks
Onions & Leeks,Leek
Peas,Pea
Pig Meat,Pork
Potatoes,Potato
Poultry Meat,Chicken
Root Vegetables,Root Vegetable
Root Vegetables,Turnip
Root Vegetables,Turnips
Root Vegetables,Ginger
Root Vegetables,Gingers
Shrimps,Shrimp
Shrimps,Prawn
Shrimps,Prawns
Tomatoes,Tomato
Other Fruit,Dates
Oatmeal,Old Fashioned Oats
Other Vegetables,Avocados
Nuts,Chia Seeds
Berries & Grapes,Raspberries
Berries & Grapes,Raspberry